Path,Default,Number
/time_series,1,2939
/price,1,949
/quote,1,768
/rsi,1,355
/macd,1,193
/stocks,1,193
/bbands,1,182
/exchange_rate,1,175
/ema,1,173
/statistics,1,146
/profile,1,128
/market_state,1,116
/symbol_search,1,104
/eod,1,96
/sma,1,94
/forex_pairs,1,59
/atr,1,57
/dividends,1,54
/cryptocurrencies,1,48
/earnings,1,43
/currency_conversion,1,41
/exchanges,1,35
/splits,1,32
/earliest_timestamp,1,31
/etfs,1,22
/commodities,1,15
/funds,1,14
/ipo_calendar,1,8
/cryptocurrency_exchanges,1,5
/time_series/cross,1,4
/cross_listings,1,3
/technical_indicators,0,247
/api_usage,0,106
/logo,0,80
/adx,0,52
/vwap,0,42
/stoch,0,41
/income_statement,0,39
/cash_flow,0,34
/balance_sheet,0,32
/recommendations,0,29
/obv,0,25
/cci,0,23
/price_target,0,22
/mfi,0,21
/ma,0,18
/splits_calendar,0,17
/supertrend,0,17
/earnings_calendar,0,16
/willr,0,16
/dividends_calendar,0,15
/earnings_estimate,0,12
/heikinashicandles,0,11
/analyst_ratings/us_equities,0,10
/ichimoku,0,10
/percent_b,0,10
/sar,0,10
/analyst_ratings/light,0,9
/revenue_estimate,0,9
/insider_transactions,0,9
/plus_di,0,9
/institutional_holders,0,8
/market_cap,0,8
/minus_di,0,8
/etfs/list,0,8
/bonds,0,8
/ad,0,8
/growth_estimates,0,7
/mutual_funds/list,0,7
/key_executives,0,7
/stochrsi,0,7
/eps_trend,0,7
/income_statement/consolidated,0,6
/exchange_schedule,0,6
/eps_revisions,0,6
/pivot_points_hl,0,6
/etfs/world,0,6
/fund_holders,0,6
/avg,0,6
/mutual_funds/world,0,5
/etfs/world/summary,0,5
/etfs/family,0,5
/avgprice,0,5
/countries,0,5
/rvol,0,5
/adxr,0,5
/wma,0,5
/mom,0,5
/beta,0,5
/crsi,0,5
/adosc,0,5
/roc,0,5
/mutual_funds/world/performance,0,4
/balance_sheet/consolidated,0,4
/mutual_funds/world/ratings,0,4
/mutual_funds/world/summary,0,4
/etfs/type,0,4
/direct_holders,0,4
/linearreg,0,4
/tema,0,4
/keltner,0,4
/kst,0,4
/mutual_funds/world/composition,0,3
/mutual_funds/world/purchase_info,0,3
/etfs/world/performance,0,3
/edgar_filings/archive,0,3
/ht_trendmode,0,3
/midprice,0,3
/instrument_type,0,3
/trima,0,3
/dema,0,3
/bop,0,3
/mama,0,3
/ppo,0,3
/mutual_funds/world/sustainability,0,2
/etfs/world/composition,0,2
/mutual_funds/world/risk,0,2
/mutual_funds/type,0,2
/mutual_funds/family,0,2
/cash_flow/consolidated,0,2
/wclprice,0,2
/ht_dcperiod,0,2
/medprice,0,2
/typprice,0,2
/ht_trendline,0,2
/linearregangle,0,2
/minus_dm,0,2
/ht_dcphase,0,2
/midpoint,0,2
/ht_phasor,0,2
/ultosc,0,2
/kama,0,2
/trange,0,2
/apo,0,2
/aroon,0,2
/plus_dm,0,2
/dx,0,2
/stddev,0,2
/macdext,0,2
/natr,0,2
/cmo,0,2
/correl,0,2
/max,0,2
/stochf,0,2
/hlc3,0,2
